dias,data,trat,bloco,NO3,NH4,EPSA,Tsolo,N2O,l1,l2,l3,l4,
0,1,S,1,1.779526249,20.36991048,53.47459087,18.3,0.60252125,,,,,
0,1,S,2,2.297423116,25.51142007,55.70244114,18.6,1.99359,,,,,
0,1,S,3,2.51887246,28.08450045,51.50649108,19,0.233404292,,,,,
0,1,17%,1,2.306318572,27.03202174,49.3491464,19.3,-0.79868,,,,,
0,1,17%,2,2.412689861,25.09305366,48.70722957,19.2,3.054164,,,,,
0,1,17%,3,27.69509316,29.49383173,52.001358,23.2,2.924713,,,,,
0,1,46%,1,10.14720727,111.9666196,68.07077612,19.8,4.550383,,,,,
0,1,46%,2,5.488353682,57.86497879,65.29941793,20.2,0.262815,,,,,
0,1,46%,3,2.617133998,30.02411811,64.2580121,16.4,8.09445,,,,,
0,1,75%,1,4.985276104,48.15203536,71.52893849,20.3,7.212867,,,,,
0,1,75%,2,2.586355521,27.46319023,62.56382628,20.8,2.883231,,,,,
0,1,75%,3,5.335728105,57.73188927,62.96471133,22.8,19.00451,,,,,
0,1,CE,1,7.389664,66.7245,36.45419,17.5,2.0491,,,,,
4,2,S,1,7.948358815,19.56774703,58.19914,18.5,0.121950667,,,,,
4,2,S,2,7.948396401,21.2767694,55.07242,20.5,-1.8948,,,,,
4,2,S,3,3.592323224,26.39283224,50.78783,20.2,-2.2183375,,,,,
4,2,17%,1,5.42197172,17.86643284,24.23470,20.5,5.046067,,,,,
4,2,17%,2,1.621732514,25.34533796,54.68799,19,-0.51249,,,,,
4,2,17%,3,8.909332606,24.28491152,57.21985,19,-3.39867,,,,,
4,2,46%,1,2.602752025,18.95426028,76.24010,19,6.105363,,,,,
4,2,46%,2,7.787219435,44.67773086,76.34457,19.7,4.332967,,,,,
4,2,46%,3,15.58016668,32.76993302,78.25705,18,10.89566,,,,,
4,2,75%,1,2.320225044,28.34742388,79.33819,19.3,22.79203,,,,,
4,2,75%,2,2.065248122,13.0593963,77.47508,19,3.499895,,,,,
4,2,75%,3,0.822880779,26.29307377,97.52593,19,13.59895,,,,,
4,2,CE,1,0.435102,35.53919,26.62316,18.5,3.561,,,,,
12,3,S,1,8.273849181,139.1787716,49.4000023,17.7,-0.1523575,,,,,
12,3,S,2,8.721729508,60.11030449,55.20109665,18.8,2.45633,,,,,
12,3,S,3,4.327053112,32.2697467,44.8424623,21.5,2.0892025,,,,,
12,3,17%,1,6.087846258,196.2666153,54.97999864,21.5,2.768683,,,,,
12,3,17%,2,10.6763115,33.50875544,56.31152777,20.5,1.744266,,,,,
12,3,17%,3,4.650212503,47.71663415,59.21591712,19.8,0.588435,,,,,
12,3,46%,1,23.05142975,235.167237,60.24419035,19.8,6.994304,,,,,
12,3,46%,2,4.539409924,96.94082473,61.87868907,18.5,0.076636,,,,,
12,3,46%,3,14.34199236,65.8504375,66.17306673,19.8,13.57482,,,,,
12,3,75%,1,2.106918085,57.13103844,67.04644951,18.8,1.613677,,,,,
12,3,75%,2,1.386757482,37.31407883,61.4686043,19.5,0.24172,,,,,
12,3,75%,3,2.838311375,25.95702844,62.89018638,19.5,7.393163,,,,,
12,3,CE,1,0.346495,61.37858,39.63759,21.5,3.1229,,,,,
14,4,S,1,7.049610358,40.09536895,49.76453488,17,-0.322285,,,,,
14,4,S,2,5.778476453,42.58340821,52.18329626,18.8,1.526077083,,,,,
14,4,S,3,2.931269366,30.47100492,42.25234373,21.8,-1.5313,,,,,
14,4,17%,1,3.329025585,38.95730703,57.97913364,19.5,1.863584,,,,,
14,4,17%,2,3.104010248,24.01369276,48.3899266,19.5,1.757824,,,,,
14,4,17%,3,2.586912259,41.15113985,54.96977978,19,4.433454,,,,,
14,4,46%,1,5.319319214,54.79093937,70.26860638,19.3,4.977175,,,,,
14,4,46%,2,1.231783468,68.93591322,70.1205925,19,1.035627,,,,,
14,4,46%,3,3.307678104,49.90976827,74.89482803,20,14.33113,,,,,
14,4,75%,1,2.539582857,44.35041889,76.9600336,20.5,6.398067,,,,,
14,4,75%,2,1.882797425,40.07002436,74.91491368,19.5,0.252733,,,,,
14,4,75%,3,2.047539806,60.72448842,73.78224126,19.8,13.26755,,,,,
14,4,CE,1,0.438334,77.9134,38.7327941,17,5.7607,,,,,
25,5,S,1,7.996760562,105.1023863,53.92038093,17.5,-2.998058333,,,,,
25,5,S,2,5.889776455,132.0260423,51.39763872,19.2,0.273133333,,,,,
25,5,S,3,9.230875026,176.7781423,47.9986225,18.5,4.027910417,,,,,
25,5,17%,1,1.674297004,212.3587972,77.47508306,15.8,1.077569,,,,,
25,5,17%,2,4.288875198,163.2546115,59.93835687,18.5,-1.42028,,,,,
25,5,17%,3,3.733360926,132.5430148,55.3095987,18.8,-3.89103,,,,,
25,5,46%,1,1.733206416,111.4130875,75.76580192,18.5,4.137039,,,,,
25,5,46%,2,1.086029157,47.67241999,77.59440218,19.1,2.895272,,,,,
25,5,46%,3,5.128482582,180.8520446,77.3952237,17,5.6062,,,,,
25,5,75%,1,1.125558476,171.5984925,79.68427166,18.3,7.314358,,,,,
25,5,75%,2,1.764765718,149.0948229,68.62106676,19,7.7482,,,,,
25,5,75%,3,4.27553281,165.4641298,78.23727342,18.3,2.558119,,,,,
25,5,CE,1,0.142356,13.57063,41.70593,16.5,2.3475,,,,,
34,6,S,1,7.566936198,38.57996923,37.58072871,18.5,2.81288625,,,,,
34,6,S,2,3.905308753,136.608542,41.77642541,18.8,-2.890395833,,,,,
34,6,S,3,4.910615964,379.5274763,39.59590123,19.8,-5.838458333,,,,,
34,6,17%,1,0.5053751,149.095276,47.66,18.5,1.060957,,,,,
34,6,17%,2,1.599532167,99.09913491,42.31542681,18,-3.18449,,,,,
34,6,17%,3,12.88317694,79.01088957,52.99756892,18.6,-2.25535,,,,,
34,6,46%,1,0.956073681,195.0650862,66.80592585,17,1.954368,,,,,
34,6,46%,2,0.615839839,189.8637284,66.92835846,18,3.352065,,,,,
34,6,46%,3,2.541545274,167.5758365,14.08256129,17.3,4.923271,,,,,
34,6,75%,1,0.719296147,197.6704993,74.59833047,18.6,3.308137,,,,,
34,6,75%,2,1.659548356,220.5946494,77.51154425,18.6,-0.5938,,,,,
34,6,75%,3,0.702480035,223.7608467,69.46973889,18,1.423051,,,,,
34,6,CE,1,1.217709,412.8619,38.46384,,-1.0509,,,,,
46,7,S,1,4.54324051,110.2201477,41.57092436,20,-1.5603125,,,,,
46,7,S,2,15.65443306,53.57085128,40.8682817,20,-3.356825,,,,,
46,7,S,3,1.819438868,123.1819983,44.21636659,21,-2.47515,,,,,
46,7,17%,1,6.007775361,118.4669239,45.17774469,20,-1.45978,,,,,
46,7,17%,2,8.096341736,76.22916756,41.88483888,20.3,10.17629,,,,,
46,7,17%,3,54.20802962,404.6826946,47.12053481,21.3,3.220943,,,,,
46,7,46%,1,4.107987255,119.045724,61.27018822,20,1.928915,,,,,
46,7,46%,2,3.464558009,82.51488525,63.85146839,20,-0.96242,,,,,
46,7,46%,3,2.04271153,85.85349839,67.14507198,20.5,6.689125,,,,,
46,7,75%,1,0.962601796,86.45823546,70.7446939,21.5,8.506446,,,,,
46,7,75%,2,0.33,75.19447766,70.701678,22.5,-1.73455,,,,,
46,7,75%,3,1.037778133,43.83454932,67.09260996,21.8,6.094729,,,,,
46,7,CE,1,0.33558,288.9648,39.98849,19,-2.1878,,,,,
57,8,S,1,7.082019143,429.2009424,35.10617573,26,-24.89116667,,,,,
57,8,S,2,3.049145668,211.3381561,35.66175588,23,16.63625417,,,,,
57,8,S,3,1.695926377,246.7195028,38.0096717,24.3,-4.3495,,,,,
57,8,17%,1,1.526812588,193.5658757,39.1425352,25.6,-20.4842,,,,,
57,8,17%,2,2.455993522,153.7304728,39.22551001,26.8,16.21637,,,,,
57,8,17%,3,5.284910846,201.5187715,37.7954452,29.2,1.973053,,,,,
57,8,46%,1,0.646755513,196.7198812,54.88372093,26.2,-28.084,,,,,
57,8,46%,2,1.83855712,253.3486735,56.67170179,24.8,0.455108,,,,,
57,8,46%,3,0.193821997,158.293704,57.037081,22.3,-2.38215,,,,,
57,8,75%,1,0.440522588,155.4259699,61.01853605,23.3,35.71083,,,,,
57,8,75%,2,2.220769648,192.1834529,59.01122169,23.3,80.88308,,,,,
57,8,75%,3,0.086098459,252.4854297,70.08432026,21.3,5.852138,,,,,
57,8,CE,1,0.132533,266.8647,34.54111,20.5,-5.914883599,,,,,
60,9,S,1,4.483424873,140.914942,38.51444593,23.3,16.31729167,,,,,
60,9,S,2,7.209380215,159.56511,40.80727078,25.6,-11.67716667,,,,,
60,9,S,3,6.806730341,208.8760196,35.82581391,25.6,25.49317917,,,,,
60,9,17%,1,1.205958562,289.0815482,47.35412454,22.6,-8.79821,,,,,
60,9,17%,2,3.439000059,192.2908409,41.5612874,22.3,54.28275,,,,,
60,9,17%,3,9.94378851,191.3198895,41.56735008,23.3,84.51121,,,,,
60,9,46%,1,1.781326017,151.0312798,57.67985639,22.6,-2.10503,,,,,
60,9,46%,2,0.729795931,72.62982684,53.02535766,23,19.35734,,,,,
60,9,46%,3,1.614632355,189.9605433,50.87079262,23,6.0103,,,,,
60,9,75%,1,0.686493507,207.2062152,64.29933127,24,7.85045,,,,,
60,9,75%,2,0.930054302,147.2685023,62.35842693,23.3,-4.54408,,,,,
60,9,75%,3,0.96499851,200.8869963,62.24909012,22.6,-0.69698,,,,,
60,9,CE,1,0.510387,260.2028,37.49429,22.5,-46.3,,,,,
77,10,S,1,10.37717561,128.1727478,37.62238334,25.6,-1.120141667,,,,,
77,10,S,2,6.457749315,61.42353671,36.78666998,28.6,1.445725833,,,,,
77,10,S,3,4.801494223,73.64612304,39.50711746,29.3,25.15532083,,,,,
77,10,17%,1,4.595416027,54.55741828,44.0315383,23.6,9.177383,,,,,
77,10,17%,2,6.731024074,55.30241911,41.06646184,28,69.17308,,,,,
77,10,17%,3,16.34999613,73.2686227,41.35950127,28,35.78715,,,,,
77,10,46%,1,1.473608012,66.13822723,59.01156711,24,45.89158,,,,,
77,10,46%,2,4.326105358,94.3903078,59.63197386,24,25.32902,,,,,
77,10,46%,3,2.053953473,58.99194826,56.57692201,22.6,70.10717,,,,,
77,10,75%,1,1.696540936,73.83703563,70.17625308,24.6,26.99034,,,,,
77,10,75%,2,1.549406267,60.96318974,69.23964532,27,16.10523,,,,,
77,10,75%,3,4.140660531,57.0608921,58.71455888,22.6,44.19642,,,,,
77,10,CE,1,1.070522,100.889,35.59463,22.5,32.799,,,,,
88,11,S,1,1.975137434,205.125191,40.67404476,28.3,-1.586170833,,,,,
88,11,S,2,3.780194155,418.980431,34.39449495,24.3,2.24543625,,,,,
88,11,S,3,1.355604509,212.5405453,40.77131894,23.6,-1.564254167,,,,,
88,11,17%,1,0.420936404,194.8025711,42.81405416,23,-0.08266,,,,,
88,11,17%,2,4.895136196,199.6794042,45.05455228,25,-1.45619,,,,,
88,11,17%,3,2.591597099,222.1198003,43.09019101,24,4.115587,,,,,
88,11,46%,1,0.674447,218.4069241,59.41641621,24,1.73457,,,,,
88,11,46%,2,2.086702468,248.8269457,60.44629891,23.3,2.655844,,,,,
88,11,46%,3,2.594675403,232.6957496,59.12495538,25,0.589334,,,,,
88,11,75%,1,0.69382471,194.6405543,61.71317011,27,5.572838,,,,,
88,11,75%,2,1.408671987,288.6709951,69.07105585,28.3,1.33935,,,,,
88,11,75%,3,0.11292,194.0079251,62.7905566,24.6,2.768834,,,,,
88,11,CE,1,0.422974,376.7988,35.38697,26,3.0614,,,,,
108,12,S,1,4.068895169,38.12656646,84.27573836,22,1.720857639,,,,,
108,12,S,2,6.857954606,112.8092169,78.00769865,22,0.932037847,,,,,
108,12,S,3,11.70867627,100.9185986,73.52101183,22,0.693383681,,,,,
108,12,17%,1,1.310570931,37.08086176,72.12593407,22,5.165867,,,,,
108,12,17%,2,1.517614396,67.13520425,70.03915483,23.5,7.19295,,,,,
108,12,17%,3,1.185722266,33.61467301,74.18606913,23.2,9.560963,,,,,
108,12,46%,1,5.008820678,65.29417544,68.32393205,23.2,7.276029,,,,,
108,12,46%,2,0.788030073,38.20449509,71.9788073,23.2,7.561375,,,,,
108,12,46%,3,0.851601687,20.05281842,76.39985942,22.6,13.24032,,,,,
108,12,75%,1,2.509408708,31.01964007,74.77122421,22,5.072433,,,,,
108,12,75%,2,7.004196882,72.12323138,71.09484074,22.3,3.11188,,,,,
108,12,75%,3,2.971950096,132.9751914,70.33025493,22,4.324592,,,,,
108,12,CE,1,1.398391,4.826282,89.49594,22.3,16.8555,,,,,
110,13,S,1,21.19181303,124.1734383,69.67395224,24.5,29.75938333,,,,,
110,13,S,2,3.543059793,45.80491926,72.48885356,24.5,14.87485417,,,,,
110,13,S,3,19.43529732,83.44641477,69.88752368,23.9,16.766275,,,,,
110,13,17%,1,3.688532664,61.93916,74.24269048,23.6,10.98402,,,,,
110,13,17%,2,35.70880271,232.0163797,70.00323729,25.3,2.488033,,,,,
110,13,17%,3,26.04441944,78.71674666,68.94515498,24.5,6.458104,,,,,
110,13,46%,1,1.035435869,59.29858732,71.46652007,24,1.628094,,,,,
110,13,46%,2,2.19895161,60.32329274,70.81834619,24.1,9.611017,,,,,
110,13,46%,3,4.793142409,94.07559049,72.04269218,24.8,6.196246,,,,,
110,13,75%,1,7.561982644,69.34509158,68.6796895,24.9,2.201485,,,,,
110,13,75%,2,7.101349777,53.52299051,72.27952612,24.3,0.500954,,,,,
110,13,75%,3,1.750570499,59.17271174,69.38634234,24.3,6.474175,,,,,
110,13,CE,1,0.899529,4.990978,55.26539,23.1,11.0395,,,,,
111,14,S,1,3.252928591,41.92027585,79.13070753,23,14.16732083,,,,,
111,14,S,2,3.259891615,46.90610703,75.67082961,23,17.25384167,,,,,
111,14,S,3,9.77325807,57.88205451,80.43958123,22,31.03773333,,,,,
111,14,17%,1,1.445950842,46.50543814,72.91882262,20.6,0.67104,,,,,
111,14,17%,2,4.117816858,68.02289403,78.25310979,23,19.18614,,,,,
111,14,17%,3,1.884381785,48.42652271,75.12879139,23,4.811071,,,,,
111,14,46%,1,1.086417534,53.33858356,74.99728314,22,28.65166,,,,,
111,14,46%,2,6.182429482,63.73464491,73.97109455,22,8.244229,,,,,
111,14,46%,3,2.386806276,72.59990596,80.3595028,22.3,18.9755,,,,,
111,14,75%,1,2.488634631,53.62884345,74.98,24.3,8.84095,,,,,
111,14,75%,2,8.730507909,60.56148927,74.87462809,23,33.92331,,,,,
111,14,75%,3,1.081096626,47.89168004,74.10110013,23,10.1177,,,,,
111,14,CE,1,1.724723,5.137598,55.64046,22.5,2.111,,,,,
116,15,S,1,5.005674621,35.90500851,69.67,25.3,30.110875,,,,,
116,15,S,2,6.073700793,39.87696976,71.10019803,24.6,16.07732083,,,,,
116,15,S,3,16.19950936,42.81610716,68.24062858,25.5,11.4113125,,,,,
116,15,17%,1,2.323771831,29.27279628,76.32239995,23.9,28.99708,,,,,
116,15,17%,2,4.149721316,37.52725441,74.07946412,25,1.007558,,,,,
116,15,17%,3,3.40001675,42.89842726,72.89099245,26.3,20.33911,,,,,
116,15,46%,1,4.169330522,37.24236369,72.16857052,24.3,7.088025,,,,,
116,15,46%,2,1.387846418,33.27630822,70.32786166,23.3,8.517763,,,,,
116,15,46%,3,1.525223409,32.18296357,70.78757935,24.5,31.83463,,,,,
116,15,75%,1,7.025283654,32.78636256,70.84802569,24.5,38.49201,,,,,
116,15,75%,2,7.198335727,34.56469998,70.05400835,24.5,4.197588,,,,,
116,15,75%,3,1.00429758,33.09079032,71.45429214,26.3,32.86598,,,,,
116,15,CE,1,1.953824,5.284269,55.42627,24,6.174,,,,,
125,16,S,1,3.977315309,37.29180729,50.77278592,24,6.36785,,,,,
125,16,S,2,11.80752089,62.0479447,51.97592126,23.6,7.212825,,,,,
125,16,S,3,16.48335639,56.69179534,53.67054157,23,4.262466667,,,,,
125,16,17%,1,4.592330654,40.33552527,54.71390378,22,11.13581,,,,,
125,16,17%,2,3.636917306,56.55848397,57.31512243,24,1.610917,,,,,
125,16,17%,3,3.996112393,42.61382956,53.73631628,25,3.308159,,,,,
125,16,46%,1,3.373667565,68.00178913,56.43410853,23.3,3.724015,,,,,
125,16,46%,2,8.069207592,56.8041987,60.20008742,22,2.665584,,,,,
125,16,46%,3,7.594456857,62.59960075,56.19855891,24.6,3.756801,,,,,
125,16,75%,1,7.140035154,65.06057673,60.57388693,25.6,3.71467,,,,,
125,16,75%,2,12.76747615,46.67259595,63.29425203,25.6,7.564363,,,,,
125,16,75%,3,1.173405979,105.8730115,57.25303547,23,1.544418,,,,,
125,16,CE,1,1.501382,9.5743,67.39506,21.5,1.6644,,,,,
130,17,S,1,4.137534417,31.88867838,68.04588986,24.3,6.590633333,,,,,
130,17,S,2,9.204172575,37.50021788,74.01416816,25.3,1.683525,,,,,
130,17,S,3,33.71971107,156.109364,65.95829728,23,2.875073333,,,,,
130,17,17%,1,4.42363749,32.56460034,71.6440587,23,9.205383,,,,,
130,17,17%,2,5.879800637,44.30810741,69.80004487,23.8,9.846992,,,,,
130,17,17%,3,8.649018861,60.40886398,69.63005367,25.5,0.091906,,,,,
130,17,46%,1,2.705688039,43.49570921,69.1374146,24.5,3.679749,,,,,
130,17,46%,2,6.827798616,80.24876171,66.26151776,23.5,1.872276,,,,,
130,17,46%,3,2.002035916,41.87109582,68.42598912,24.5,13.7645,,,,,
130,17,75%,1,20.0789316,822.4320121,70.7837376,24.5,6.774238,,,,,
130,17,75%,2,4.751402948,32.99413548,68.74746028,24.5,7.263804,,,,,
130,17,75%,3,1.328784471,67.09018624,69.34282355,23.5,6.103833,,,,,
130,17,CE,1,1.100195,0.425449,54.67057,21.6,8.5019,,,,,
192,18,S,1,72.59408,5.847054,85.98,23.23,21.68672358,,,,,
192,18,S,2,42.43772,1.749493,85.35,22.97,42.31797077,,,,,
192,18,S,3,119.3029,5.5135,85.75,22.67,41.22999192,,,,,
192,18,17%,1,52.90816,2.27076,81.84,23.1,18.04672429,,,,,
192,18,17%,2,40.36016,3.479222,79.24,24.37,10.0033562,,,,,
192,18,17%,3,43.62833,2.903354,88.07,22.67,10.0033562,,,,,
192,18,46%,1,59.52073,2.380277,82.17,22.5,12.88021154,,,,,
192,18,46%,2,43.14907,1.718671,79.46,22.83,27.84151681,,,,,
192,18,46%,3,36.78053,2.627267,77.54,22.3,34.92571181,,,,,
192,18,75%,1,42.65198,2.473544,80.53,21.5,16.77981771,,,,,
192,18,75%,2,49.43773,2.985017,81.06,22.5,5.736206377,,,,,
192,18,75%,3,39.49914,6.43741,80.79,23.1,-18.34449182,,,,,
192,18,CE,1,5.009742,39.63139,,,3.1942,,,,,
193,19,S,1,29.95504,3.751105,69.14,23.23,43.37345833,,,,,
193,19,S,2,42.38616,4.647077,80.77,22.97,25.17582917,,,,,
193,19,S,3,31.4577,1.524533,87.22,22.67,20.93020833,,,,,
193,19,17%,1,40.79027,4.582635,81.9,23.1,14.29755,,,,,
193,19,17%,2,37.09311,4.316975,86.44,24.37,15.09015,,,,,
193,19,17%,3,38.96567,1.826529,79.56,22.67,55.47767,,,,,
193,19,46%,1,37.59298,2.895489,78.65,22.5,3.6811,,,,,
193,19,46%,2,47.58158,3.042965,79.45,22.83,3.875918,,,,,
193,19,46%,3,32.70238,1.219122,78.34,22.3,22.06498,,,,,
193,19,75%,1,35.3453,3.201531,77.62,21.5,13.67522,,,,,
193,19,75%,2,38.60309,3.061925,78.45,22.5,-2.86476,,,,,
193,19,75%,3,29.20989,1.178381,76.88,23.1,25.42926,,,,,
193,19,CE,1,2.217506,42.06762,,,-16.56,,,,,
203,20,S,1,39.32776,3.047795,74.82,23.5,31.1637682,,,,,
203,20,S,2,40.44347,2.408056,59.45,22.9,9.739421745,,,,,
203,20,S,3,66.89535,5.266286,91.03,23.77,-2.010565691,,,,,
203,20,17%,1,48.31104,3.356404,71.37,23.43,11.68641308,,,,,
203,20,17%,2,74.17205,2.664764,18.45,22.9,15.84313093,,,,,
203,20,17%,3,41.90411,3.948868,80.08,23.2,15.84313093,,,,,
203,20,46%,1,71.79888,2.617842,81.74,23.1,-11.0581113,,,,,
203,20,46%,2,45.63353,3.552661,74.03724,22.4,12.10421781,,,,,
203,20,46%,3,49.37086,4.06954,77.61,22.87,9.732024957,,,,,
203,20,75%,1,45.32545,2.861042,84.76472,22.53,47.66843732,,,,,
203,20,75%,2,58.71861,2.90783,16.5,23.1,8.796224897,,,,,
203,20,75%,3,64.63174,5.174531,74.79,22.9,20.35697762,,,,,
203,20,CE,1,3.875377,56.25749,,,-98.85281312,,,,,
208,21,S,1,22.8399,1.943329,62.91,23.43,16.88131478,,,,,
208,21,S,2,36.32199,1.984064,65.49,23.3,0.695918884,,,,,
208,21,S,3,30.48757,1.590677,58.69,24.5,-53.40151078,,,,,
208,21,17%,1,29.12388,3.425276,62.09,23.9,15.83830224,,,,,
208,21,17%,2,29.29294,1.324465,66.09,24.37,28.8951324,,,,,
208,21,17%,3,35.1603,1.150323,65.98,22.5,28.8951324,,,,,
208,21,46%,1,23.44325,4.110307,67.81,22.67,6.040785251,,,,,
208,21,46%,2,38.44666,2.28587,63.57,23.67,31.52150493,,,,,
208,21,46%,3,24.1902,1.835472,61.01,22.8,15.09641397,,,,,
208,21,75%,1,38.81921,2.056105,60.25,23.73,12.86336469,,,,,
208,21,75%,2,17.90501,2.372887,66.64,23.33,37.75507273,,,,,
208,21,75%,3,28.21609,2.046123,62.7,22.1,59.26855035,,,,,
208,21,CE,1,,,,,2.2085,,,,,
222,22,S,1,49.88774,3.399376,76.79,23.3,21.33870368,,,,,
222,22,S,2,59.59129,3.0381,72.17,22.5,31.63968387,,,,,
222,22,S,3,51.3394,4.108657,68.19,22.5,29.11162259,,,,,
222,22,17%,1,50.06877,2.333434,71.16,22.2,-16.53141176,,,,,
222,22,17%,2,54.4436,4.763332,66.67,22.5,15.56839661,,,,,
222,22,17%,3,34.83561,3.983613,69.76,22.5,15.56839661,,,,,
222,22,46%,1,50.98122,3.008141,69.87,22.43,-21.71981169,,,,,
222,22,46%,2,42.20829,9.142106,69.27,22.6,2.254283422,,,,,
222,22,46%,3,33.46656,3.513881,64.6,22,23.84290183,,,,,
222,22,75%,1,43.89195,3.389937,74.00671,22.87,114.5682422,,,,,
222,22,75%,2,58.03222,8.220617,86.52,22.33,20.2885508,,,,,
222,22,75%,3,29.05445,7.500922,83.16,21,7.580084648,,,,,
222,22,CE,1,,,,,2.2085,,,,,
229,23,S,1,30.98649,5.494169,55.66,22.93,10.94734558,,,,,
229,23,S,2,44.63409,2.930928,60.53,22.3,5.547221695,,,,,
229,23,S,3,38.65935,7.998124,57.34,22,-12.85988663,,,,,
229,23,17%,1,30.3851,9.363371,72.27,22.57,7.588500911,,,,,
229,23,17%,2,36.51037,5.147527,67.48,23.87,54.6455,,,,,
229,23,17%,3,44.3059,5.257538,67.04,23,54.6455,,,,,
229,23,46%,1,34.57228,6.935023,58.54,23.63,-7.837304219,,,,,
229,23,46%,2,38.51895,4.255016,62.7,23.33,74.08408542,,,,,
229,23,46%,3,42.81126,6.692021,66.51,23,2.192728823,,,,,
229,23,75%,1,36.3158,8.453577,55.27,22.5,103.5021764,,,,,
229,23,75%,2,24.90178,4.96723,51.46,23.33,-9.181722524,,,,,
229,23,75%,3,13.62228,4.323322,54.65,22,256.0876844,,,,,
229,23,CE,1,,,,,-360.572,,,,,
238,24,S,1,45.1326,6.167624,58.73,22,12.08713933,,,,,
238,24,S,2,56.00294,4.259151,62.8,22.5,31.85174759,,,,,
238,24,S,3,29.29141,6.26361,61.91,22.5,0.748910461,,,,,
238,24,17%,1,42.01985,5.033971,63.43,22,7.083647861,,,,,
238,24,17%,2,70.80791,4.832365,60.49,22.5,1.912076348,,,,,
238,24,17%,3,57.25362,10.75242,57.45,22.5,1.912076348,,,,,
238,24,46%,1,18.9817,5.941681,56.99,22,4.066783836,,,,,
238,24,46%,2,19.92107,5.526362,59.9,22.5,5.009518717,,,,,
238,24,46%,3,28.07922,5.331657,48.05,22.5,3.392829603,,,,,
238,24,75%,1,22.16583,11.13104,60.55,22,7.575339827,,,,,
238,24,75%,2,12.25001,11.81793,55.86,22.5,4.56562669,,,,,
238,24,75%,3,20.77151,4.294445,61.67,22.5,-4.160824873,,,,,
238,24,CE,1,,,,,-3.8471,,,,,
245,25,S,1,53.14475,3.815251,64.67,23.5,-12.93202642,,,,,
245,25,S,2,70.01499,4.000334,70.4,23.5,15.05572584,,,,,
245,25,S,3,35.50404,6.472184,61.31,22.83,-3.22886073,,,,,
245,25,17%,1,39.03386,3.861111,66.93,22.5,-77.15545838,,,,,
245,25,17%,2,75.65759,4.082576,57.75,23.5,33.43853743,,,,,
245,25,17%,3,111.1459,20.5891,72.58,24.17,33.43853743,,,,,
245,25,46%,1,16.31498,3.021721,72.79,22.83,25.05181746,,,,,
245,25,46%,2,75.47114,7.127147,54.67,23.17,9.518085561,,,,,
245,25,46%,3,15.85255,8.504519,64.57,24.17,10.84336179,,,,,
245,25,75%,1,15.73757,4.124314,67.6,22.17,-33.09932505,,,,,
245,25,75%,2,41.77226,12.40863,69.57,22.83,17.28283957,,,,,
245,25,75%,3,9.8212,5.965812,53.17,24.17,-10.33901938,,,,,
245,25,CE,1,,,,,61.86755615,,,,,
252,26,S,1,5.851482,8.240877,72.9,22.5,17.77723629,,,,,
252,26,S,2,10.80504,7.120915,66.7,23.5,49.83823689,,,,,
252,26,S,3,14.40036,5.824441,57.36,22.5,-5.808092492,,,,,
252,26,17%,1,6.416776,6.442215,63.39,22.5,46.50002342,,,,,
252,26,17%,2,4.114076,6.068062,56.77,23.5,115.7932525,,,,,
252,26,17%,3,7.246627,6.365026,56.36,22.5,115.7932525,,,,,
252,26,46%,1,7.295307,5.248792,64.95,22.5,-0.736572563,,,,,
252,26,46%,2,5.404309,7.486042,61.35,22.5,101.189288,,,,,
252,26,46%,3,5.328183,9.086443,65.42,22.83,3.848758285,,,,,
252,26,75%,1,6.684653,7.238242,67.36,23.5,10.71224614,,,,,
252,26,75%,2,6.382104,9.204529,60.12,22.83,-6.016739886,,,,,
252,26,75%,3,8.066632,5.919569,58.93,22.83,5.086990061,,,,,
252,26,CE,1,,,,,1.35,,,,,
258,27,S,1,39.04536,5.567258,61.43,23.07,13.38230062,,,,,
258,27,S,2,106.0264,5.311995,66.59,23.5,68.33776911,,,,,
258,27,S,3,31.29109,4.202174,51.12,22.9,1.427824644,,,,,
258,27,17%,1,36.75412,5.41111,53.48,22.63,5.730497986,,,,,
258,27,17%,2,45.88647,4.039548,60.42,22.5,9.698205407,,,,,
258,27,17%,3,20.23208,7.003329,66.85,22.33,9.698205407,,,,,
258,27,46%,1,28.02725,3.951369,64.38,23.27,4.827486786,,,,,
258,27,46%,2,18.35145,4.491159,66.88,21.83,5.95163549,,,,,
258,27,46%,3,17.05003,5.76734,54.41,22.2,5.567711207,,,,,
258,27,75%,1,18.19504,6.752115,65.25,22,4.918586859,,,,,
258,27,75%,2,24.51622,6.517348,54.91,22.5,7.611249813,,,,,
258,27,75%,3,15.44958,4.734055,63.24,21.87,4.735167984,,,,,
258,27,CE,1,,,,,14.0302,,,,,
262,28,S,1,39.43859,2.199206,68.91,26.9,23.74704545,,,,,
262,28,S,2,64.13305,2.194463,64.67,26.9,25.38477273,,,,,
262,28,S,3,64.96878,3.762064,85.18,26.9,-88.84670455,,,,,
262,28,17%,1,32.64649,2.628631,60.8,26.9,8.325113636,,,,,
262,28,17%,2,56.62111,2.896945,55.38,26.9,-44.21863636,,,,,
262,28,17%,3,46.2339,3.774459,66.45,26.9,-44.21863636,,,,,
262,28,46%,1,20.23335,2.205055,69.97,26.9,43.26329545,,,,,
262,28,46%,2,38.21073,3.004686,59.93,26.9,91.57625,,,,,
262,28,46%,3,23.97543,2.377138,16.29,26.9,0.955340909,,,,,
262,28,75%,1,60.25419,2.889364,67.37,26.9,3.275454545,,,,,
262,28,75%,2,56.40298,3.377175,58.32,26.9,144.12,,,,,
262,28,75%,3,18.89977,3.318015,61.07,26.9,-1.091818182,,,,,
262,28,CE,1,,,,,-116.279,,,,,
273,29,S,1,51.80956,4.90306,53.4,23.17,-4.897700259,,,,,
273,29,S,2,37.23203,7.190029,64.2,22.5,67.46869821,,,,,
273,29,S,3,67.2096,10.1407,51.76,23.3,-7.354580201,,,,,
273,29,17%,1,30.20944,5.192154,46.09,22.03,2.135963347,,,,,
273,29,17%,2,25.74748,9.763565,58.27,22.33,13.91177846,,,,,
273,29,17%,3,9.513146,6.644617,49.17,22.7,13.91177846,,,,,
273,29,46%,1,27.34362,4.843858,48.76,26.47,-254.9447107,,,,,
273,29,46%,2,21.77347,5.91718,49.97,22.5,0.111564888,,,,,
273,29,46%,3,31.42788,6.353672,48.61,23.43,1.058269422,,,,,
273,29,75%,1,15.8462,8.345704,50.36,24.5,-49.55901451,,,,,
273,29,75%,2,43.35607,8.330954,46.27,22.33,-60.53704196,,,,,
273,29,75%,3,29.55609,5.360637,40.82,24.27,3.053983186,,,,,
273,29,CE,1,,,,,-8.8838,,,,,
278,30,S,1,14.9064,7.052759,51.16,26.6,-12.65951314,,,,,
278,30,S,2,11.83159,7.19626,55.22,26.6,66.92908186,,,,,
278,30,S,3,16.29997,6.880089,47.26,26.6,-22.06980563,,,,,
278,30,17%,1,23.40587,7.101373,55.95,26.6,17.47243594,,,,,
278,30,17%,2,5.012118,4.138635,48.57,26.6,14.42325274,,,,,
278,30,17%,3,7.303304,14.34969,53.0822,26.6,14.42325274,,,,,
278,30,46%,1,6.773956,9.035084,59.97,26.6,-8.629818264,,,,,
278,30,46%,2,4.974684,5.663743,47.71,26.6,53.87036833,,,,,
278,30,46%,3,4.369317,6.61789,49.95,26.6,-1.849880187,,,,,
278,30,75%,1,17.16104,6.449687,51.91,26.6,46.55293512,,,,,
278,30,75%,2,9.272991,9.139051,49.88,26.6,13.16419515,,,,,
278,30,75%,3,7.340868,10.7618,49.4,26.6,16.2382922,,,,,
278,30,CE,1,,,,,-405.7290615,,,,,
